FirstName,MiddleName,LastName,Suffix,Birthdate,City,Sex
Juan,Reyes,Dela Cruz,,1985-04-15,Manila,M
Maria,Santos,Garcia,,1990-07-22,Cebu,F
Jose,Gonzales,Rodriguez,,1988-01-30,Davao,M
Lito,Fernandez,Lim,,1992-11-05,Quezon City,M
Sofia,Ramos,Torres,,1995-09-12,Makati,F
Andres,Mercado,Villanueva,,1983-03-25,Pasig,M
Elena,Castillo,Aquino,,1998-06-18,Taguig,F
Pedro,Salazar,Ocampo,,1980-12-01,Mandaluyong,M
Isabel,Pascual,Reyes,,1991-02-20,Caloocan,F
Miguel,Soriano,Diaz,,1986-08-10,Valenzuela,M
Juan,Reyes,Dela Cruz,,1985-04-15,Manila,M
Maria,Santos,Garcia,,1990-07-22,Cebu City,F
Jose,Gonzales,Rodrigues,,1988-01-30,Davao,M
Lito,Fernandez,Lim,,1992-11-05,Quezon City,M
Sofia,Ramos,Torres,,1995-09-12,Makati,F
Andres,Mercado,Villanueva,,1983-03-25,Pasig,M
Elena,Castillo,Aquino,,1998-06-18,Taguig,F
Pedro,Salazar,Ocampo,,1980-12-01,Mandaluyong,M
Isabel,Pascual,Reyes,,1991-02-20,Caloocan,F
Miguel,Soriano,Diaz,,1986-08-10,Valenzuela,M
Victoria,Lopez,Mendoza,,1978-05-14,Bacolod,F
Roberto,Jimenez,Cruz,,1975-09-20,Iloilo,M
Eduardo,Sy,Lee,,1982-02-11,Zamboanga,M
Consolacion,Tan,Go,,1980-11-30,Cagayan de Oro,F
Francisco,Chua,Yap,,1979-01-15,General Santos,M
Guillermo,Lim,Santos,,1984-07-07,Baguio,M
Alfredo,Ong,Chan,,1981-06-25,Angeles,M
Corazon,Dy,Wong,,1983-10-02,Butuan,F
Benjamin,Co,Ang,,1977-03-12,Dasmarinas,M
Margarita,Uy,Sy,,1985-12-28,Iligan,F
Carlos,Reyes,Santos,,1990-01-01,Manila,M
Ana,Gonzales,Lim,,1991-02-02,Cebu,F
Luis,Fernandez,Rodriguez,,1992-03-03,Davao,M
Marco,Ramos,Torres,,1993-04-04,Quezon City,M
Isabella,Mercado,Villanueva,,1994-05-05,Makati,F
David,Castillo,Aquino,,1995-06-06,Pasig,M
Gabriela,Salazar,Ocampo,,1996-07-07,Taguig,F
Mateo,Pascual,Reyes,,1997-08-08,Mandaluyong,M
Camila,Soriano,Diaz,,1998-09-09,Caloocan,F
Leo,Reyes,Dela Cruz,,1999-10-10,Valenzuela,M
Theresa,Santos,Garcia,,1985-11-11,Manila,F
Antonio,Gonzales,Rodriguez,,1986-12-12,Cebu,M
Patricia,Fernandez,Lim,,1987-01-13,Davao,F
Ricardo,Ramos,Torres,,1988-02-14,Quezon City,M
Angelica,Mercado,Villanueva,,1989-03-15,Makati,F
Daniel,Castillo,Aquino,,1990-04-16,Pasig,M
Cristina,Salazar,Ocampo,,1991-05-17,Taguig,F
Gabriel,Pascual,Reyes,,1992-06-18,Mandaluyong,M
Andrea,Soriano,Diaz,,1993-07-19,Caloocan,F
Samuel,Reyes,Dela Cruz,,1994-08-20,Valenzuela,M
John,Michael,Smith,Sr,1965-03-10,Makati,M
Maria,Cristina,Ramos,,1988-09-15,Quezon City,F
Ronalyn,De Leon,Santos,,1993-05-21,Pasig,F
Dela Cruz,Juan,Reyes,,1985-04-15,Manila,M
Alejandro,Martinez,Bautista,,1987-06-14,San Juan,M
Beatriz,Rivera,Castro,,1993-08-29,Muntinlupa,F
Cesar,Delgado,Evangelista,,1981-11-19,Las Pinas,M
Diana,Ortega,Ignacio,,1996-01-24,Paranaque,F
Emilio,Pineda,Jacinto,,1979-04-09,Marikina,M
Fiona,Quizon,Lacson,,1999-07-03,Pasay,F
Gregorio,Umali,Nolasco,,1984-10-18,Navotas,M
Hannah,Valdez,Perez,,1990-12-31,Malabon,F
Ivan,Yee,Zamora,,1988-02-13,Pateros,M
Jasmine,Abad,Bonifacio,,1994-05-28,San Pedro,F
Kevin,Corpuz,Domingo,,1982-09-01,Santa Rosa,M
Laura,Estrella,Flores,,1997-11-14,Binan,F
Manuel,Gomez,Hernandez,,1980-01-29,Calamba,M
Nina,Isidro,Javier,,1992-04-13,Lipa,F
Oscar,Katigbak,Lopez,,1985-07-27,Batangas City,M
Paula,Manalo,Navarro,,1995-10-11,Tanauan,F
Quentin,Ocampo,Panganiban,,1983-12-25,Sto. Tomas,M
Rina,Quintana,Ramos,,1998-03-09,San Pablo,F
Simon,Serrano,Tiongson,,1986-06-22,Lucena,M
Tina,Urbano,Valencia,,1991-09-05,Tayabas,F
Victor,Vargas,Yuzon,,1989-11-18,Sariaya,M
Winnie,Zabala,Alonzo,,1993-02-01,Candelaria,F
Xavier,Bautista,Corpuz,,1987-04-16,Dolores,M
Yara,Castro,Delgado,,1996-07-30,Tiaong,F
Zoren,Evangelista,Estrella,,1984-10-13,San Antonio,M
Adrian,Flores,Gomez,,1990-01-26,Lucban,M
Bianca,Hernandez,Isidro,,1995-04-10,Mauban,F
Christian,Javier,Katigbak,,1982-07-24,Pagbilao,M
Denise,Lopez,Manalo,,1997-10-07,Atimonan,F
Erick,Navarro,Ocampo,,1980-12-21,Gumaca,M
Frances,Panganiban,Quintana,,1993-03-05,Unisan,F
Gerald,Ramos,Serrano,,1988-05-19,Plaridel,M
Hazel,Tiongson,Urbano,,1994-08-02,Pitogo,F
Ian,Valencia,Vargas,,1981-10-16,Macalelon,M
Julia,Yuzon,Zabala,,1996-01-29,General Luna,F
Karl,Alonzo,Abad,,1985-04-13,Catanauan,M
Liam,Bonifacio,Corpuz,,1999-07-27,Mulanay,M
Mia,Domingo,Estrella,,1983-10-10,San Francisco,F
Noah,Flores,Gomez,,1991-01-23,San Narciso,M
Olivia,Hernandez,Isidro,,1996-04-07,San Andres,F
Lucas,Javier,Katigbak,,1984-07-21,Buenavista,M
Amelia,Lopez,Manalo,,1998-10-04,General Nakar,F
Elijah,Navarro,Ocampo,,1982-01-17,Infanta,M
Charlotte,Panganiban,Quintana,,1993-04-02,Panukulan,F
Henry,Ramos,Serrano,,1986-07-16,Patnanungan,M
Evelyn,Tiongson,Urbano,,1990-10-29,Polillo,F
James,Valencia,Vargas,,1989-01-12,Burdeos,M
Isla,Yuzon,Zabala,,1995-04-27,Jomalig,F
William,Alonzo,Abad,,1987-07-11,Perez,M
Sophia,Bonifacio,Corpuz,,1992-10-24,Real,F
Benjamin,Domingo,Estrella,,1980-01-07,Sampaloc,M
Ava,Flores,Gomez,,1994-04-22,Alabat,F
Alexander,Hernandez,Isidro,,1983-07-06,Quezon,M
Mia,Javier,Katigbak,,1997-10-19,Calauag,F
Ethan,Lopez,Manalo,,1981-01-02,Guinayangan,M
Harper,Navarro,Ocampo,,1995-04-17,Tagkawayan,F
Michael,Panganiban,Quintana,,1984-07-01,Lopez,M
Abigail,Ramos,Serrano,,1990-10-14,Hondagua,F
Daniel,Tiongson,Urbano,,1988-01-27,Gumaca,M
Emily,Valencia,Vargas,,1993-05-12,Mulanay,F
Jacob,Yuzon,Zabala,,1986-08-25,Catanauan,M
Madison,Alonzo,Abad,,1991-11-08,San Narciso,F
Logan,Bonifacio,Corpuz,,1989-02-21,San Andres,M
Chloe,Domingo,Estrella,,1996-05-06,Buenavista,F
Jackson,Flores,Gomez,,1987-08-19,General Nakar,M
Avery,Hernandez,Isidro,,1992-11-02,Infanta,F
Aiden,Javier,Katigbak,,1980-02-15,Panukulan,M
Ella,Lopez,Manalo,,1995-05-30,Patnanungan,F
Matthew,Navarro,Ocampo,,1983-08-13,Polillo,M
Scarlett,Panganiban,Quintana,,1998-11-26,Burdeos,F
David,Ramos,Serrano,,1981-02-08,Jomalig,M
Grace,Tiongson,Urbano,,1994-05-24,Perez,F
Joseph,Valencia,Vargas,,1985-08-07,Real,M
Riley,Yuzon,Zabala,,1990-11-20,Sampaloc,F
Samuel,Alonzo,Abad,,1988-02-03,Alabat,M
Aria,Bonifacio,Corpuz,,1993-05-18,Quezon,F
John,Domingo,Estrella,,1986-08-31,Calauag,M
Leah,Flores,Gomez,,1991-11-14,Guinayangan,F
Julian,Hernandez,Isidro,,1989-02-27,Tagkawayan,M
Lillian,Javier,Katigbak,,1996-05-12,Lopez,F
Christopher,Lopez,Manalo,,1987-08-25,Hondagua,M
Zoe,Navarro,Ocampo,,1992-11-08,Gumaca,F
Joshua,Panganiban,Quintana,,1980-02-21,Mulanay,M
Nora,Ramos,Serrano,,1995-05-06,Catanauan,F
Andrew,Tiongson,Urbano,,1983-08-19,San Narciso,M
Stella,Valencia,Vargas,,1998-11-02,San Andres,F
Anthony,Yuzon,Zabala,,1981-02-14,Buenavista,M
Penelope,Alonzo,Abad,,1994-05-29,General Nakar,F
Leo,Bonifacio,Corpuz,,1985-08-12,Infanta,M
Layla,Domingo,Estrella,,1990-11-25,Panukulan,F
Jonathan,Flores,Gomez,,1988-02-08,Patnanungan,M
Mila,Hernandez,Isidro,,1993-05-23,Polillo,F
Isaiah,Javier,Katigbak,,1986-08-06,Burdeos,M
Hazel,Lopez,Manalo,,1991-11-19,Jomalig,F
Charles,Navarro,Ocampo,,1989-02-02,Perez,M
Ellie,Panganiban,Quintana,,1996-05-17,Real,F
Thomas,Ramos,Serrano,,1987-08-30,Sampaloc,M
Aurora,Tiongson,Urbano,,1992-11-13,Alabat,F
Josiah,Valencia,Vargas,,1980-02-26,Quezon,M
Claire,Yuzon,Zabala,,1995-05-11,Calauag,F
Isaac,Alonzo,Abad,,1983-08-24,Guinayangan,M
Lucy,Bonifacio,Corpuz,,1998-11-07,Tagkawayan,F
Caleb,Domingo,Estrella,,1981-02-20,Lopez,M
Anna,Flores,Gomez,,1994-05-05,Hondagua,F
Ryan,Hernandez,Isidro,,1985-08-18,Gumaca,M
Samantha,Javier,Katigbak,,1990-11-01,Mulanay,F
Nathan,Lopez,Manalo,,1988-02-14,Catanauan,M
Caroline,Navarro,Ocampo,,1993-05-29,San Narciso,F
Adrian,Panganiban,Quintana,,1986-08-12,San Andres,M
Genesis,Ramos,Serrano,,1991-11-25,Buenavista,F
Eli,Tiongson,Urbano,,1989-02-08,General Nakar,M
Skylar,Valencia,Vargas,,1996-05-23,Infanta,F
Aaron,Yuzon,Zabala,,1987-08-06,Panukulan,M
Sarah,Alonzo,Abad,,1992-11-19,Patnanungan,F
Cameron,Bonifacio,Corpuz,,1980-02-02,Polillo,M
Naomi,Domingo,Estrella,,1995-05-17,Burdeos,F
Elias,Flores,Gomez,,1983-08-30,Jomalig,M
Natalie,Hernandez,Isidro,,1998-11-13,Perez,F
Jeremiah,Javier,Katigbak,,1981-02-26,Real,M
Bella,Lopez,Manalo,,1994-05-11,Sampaloc,F
Christian,Navarro,Ocampo,,1985-08-24,Alabat,M
Aubrey,Panganiban,Quintana,,1990-11-07,Quezon,F
Jose,Ramos,Serrano,,1988-02-20,Calauag,M